-- MySQL dump 10.13  Distrib 8.0.32, for Win64 (x86_64)
--
-- Host: localhost    Database: DB08
-- ------------------------------------------------------
-- Server version	8.0.32

/*!40101 SET @OLD_CHARACTER_SET_CLIENT=@@CHARACTER_SET_CLIENT */;
/*!40101 SET @OLD_CHARACTER_SET_RESULTS=@@CHARACTER_SET_RESULTS */;
/*!40101 SET @OLD_COLLATION_CONNECTION=@@COLLATION_CONNECTION */;
/*!50503 SET NAMES utf8mb4 */;
/*!40103 SET @OLD_TIME_ZONE=@@TIME_ZONE */;
/*!40103 SET TIME_ZONE='+00:00' */;
/*!40014 SET @OLD_UNIQUE_CHECKS=@@UNIQUE_CHECKS, UNIQUE_CHECKS=0 */;
/*!40014 SET @OLD_FOREIGN_KEY_CHECKS=@@FOREIGN_KEY_CHECKS, FOREIGN_KEY_CHECKS=0 */;
/*!40101 SET @OLD_SQL_MODE=@@SQL_MODE, SQL_MODE='NO_AUTO_VALUE_ON_ZERO' */;
/*!40111 SET @OLD_SQL_NOTES=@@SQL_NOTES, SQL_NOTES=0 */;

--
-- Table structure for table `restaurant`
--

DROP TABLE IF EXISTS `restaurant`;
/*!40101 SET @saved_cs_client     = @@character_set_client */;
/*!50503 SET character_set_client = utf8mb4 */;
CREATE TABLE `restaurant` (
  `rest_id` varchar(20) NOT NULL,
  `food_kind` varchar(30) DEFAULT NULL,
  `best_menu` varchar(50) DEFAULT NULL,
  `phone` varchar(30) DEFAULT NULL,
  `table_num` int DEFAULT NULL,
  `lat` varchar(30) DEFAULT NULL,
  `lng` varchar(30) DEFAULT NULL,
  PRIMARY KEY (`rest_id`)
) ENGINE=InnoDB DEFAULT CHARSET=utf8mb4 COLLATE=utf8mb4_0900_ai_ci;
/*!40101 SET character_set_client = @saved_cs_client */;

--
-- Dumping data for table `restaurant`
--

LOCK TABLES `restaurant` WRITE;
/*!40000 ALTER TABLE `restaurant` DISABLE KEYS */;
INSERT INTO `restaurant` VALUES ('Ato','일식당','고등어봉초밥','010-1234-5687',5,'36.362011','127.3518868'),('경성가','일식당','수제고로케','010-1234-5687',5,'36.3605926','127.3436768'),('궁동 아저씨','돼지고기구이','삼겹살','010-0000-0000',6,'36.3619291','127.3498324'),('뎅뎅뎅','일식당','사케동','010-1234-5687',4,'36.3621541','127.3507721'),('라꼬레','양식','바다샐러드','010-1234-5687',6,'36.3637837','127.3411926'),('맛존매콤닭불고기','닭갈비','닭불고기','010-1234-5687',7,'36.3622821','127.3507665'),('별리달리','돈가스','별달돈까스','010-1234-5687',7,'36.3628073','127.3498306'),('역전우동','우동','옛날우동','010-1234-5687',5,'36.3626913','127.3494041'),('정통집','돼지고기구이','돼지김치구이','010-0000-0000',7,'36.3626681','127.3498329'),('천복순대국밥','순댓국','순대국밥','010-1234-5687',7,'36.3598267','127.3423566'),('청춘우동까스','돈가스','등심돈가스','010-0000-0000',4,'36.3625348','127.3498329'),('최진엽샤브샤브','샤브샤브','돼지등심샤브','010-1234-5687',7,'36.3626789','127.3495852');
/*!40000 ALTER TABLE `restaurant` ENABLE KEYS */;
UNLOCK TABLES;

--
-- Table structure for table `table_res`
--

DROP TABLE IF EXISTS `table_res`;
/*!40101 SET @saved_cs_client     = @@character_set_client */;
/*!50503 SET character_set_client = utf8mb4 */;
CREATE TABLE `table_res` (
  `rest_id` varchar(30) DEFAULT NULL,
  `res_time` varchar(30) DEFAULT NULL,
  `table1` varchar(10) DEFAULT NULL,
  `table2` varchar(10) DEFAULT NULL,
  `table3` varchar(10) DEFAULT NULL,
  `table4` varchar(10) DEFAULT NULL,
  `table5` varchar(10) DEFAULT NULL,
  `table6` varchar(10) DEFAULT NULL,
  `table7` varchar(10) DEFAULT NULL,
  `table8` varchar(10) DEFAULT NULL,
  `table9` varchar(10) DEFAULT NULL,
  `table10` varchar(10) DEFAULT NULL,
  `count` int DEFAULT NULL
) ENGINE=InnoDB DEFAULT CHARSET=utf8mb4 COLLATE=utf8mb4_0900_ai_ci;
/*!40101 SET character_set_client = @saved_cs_client */;

--
-- Dumping data for table `table_res`
--

LOCK TABLES `table_res` WRITE;
/*!40000 ALTER TABLE `table_res` DISABLE KEYS */;
INSERT INTO `table_res` VALUES ('정통집','time11','user6',NULL,NULL,'user1',NULL,NULL,NULL,NULL,NULL,NULL,2),('정통집','time12',NULL,NULL,NULL,NULL,NULL,NULL,NULL,NULL,NULL,NULL,0),('정통집','time13',NULL,NULL,NULL,NULL,NULL,NULL,NULL,NULL,NULL,NULL,1),('정통집','time14',NULL,NULL,NULL,NULL,NULL,NULL,NULL,NULL,NULL,NULL,1),('정통집','time15',NULL,NULL,NULL,NULL,NULL,'user1',NULL,NULL,NULL,NULL,1),('정통집','time16',NULL,NULL,NULL,NULL,NULL,NULL,NULL,NULL,NULL,NULL,0),('정통집','time17',NULL,NULL,NULL,NULL,NULL,NULL,NULL,NULL,NULL,NULL,0),('정통집','time18',NULL,NULL,NULL,NULL,NULL,'유저3',NULL,NULL,NULL,NULL,1),('정통집','time19',NULL,NULL,NULL,NULL,NULL,NULL,NULL,NULL,NULL,NULL,0),('정통집','time20',NULL,NULL,NULL,NULL,NULL,NULL,NULL,NULL,NULL,NULL,0),('정통집','time21',NULL,NULL,NULL,NULL,NULL,NULL,NULL,NULL,NULL,NULL,0),('정통집','time22',NULL,NULL,NULL,NULL,NULL,NULL,NULL,NULL,NULL,NULL,0),('궁동 아저씨','time11',NULL,NULL,NULL,NULL,NULL,NULL,NULL,NULL,NULL,NULL,1),('궁동 아저씨','time12',NULL,NULL,NULL,NULL,NULL,NULL,NULL,NULL,NULL,NULL,1),('궁동 아저씨','time13',NULL,NULL,NULL,NULL,NULL,NULL,NULL,NULL,NULL,NULL,0),('궁동 아저씨','time14',NULL,NULL,NULL,NULL,NULL,NULL,NULL,NULL,NULL,NULL,0),('궁동 아저씨','time15',NULL,NULL,NULL,NULL,NULL,NULL,NULL,NULL,NULL,NULL,0),('궁동 아저씨','time16',NULL,NULL,NULL,NULL,NULL,NULL,NULL,NULL,NULL,NULL,0),('궁동 아저씨','time17',NULL,NULL,NULL,NULL,NULL,NULL,NULL,NULL,NULL,NULL,0),('궁동 아저씨','time18',NULL,NULL,NULL,NULL,NULL,NULL,NULL,NULL,NULL,NULL,0),('궁동 아저씨','time19',NULL,NULL,NULL,NULL,NULL,NULL,NULL,NULL,NULL,NULL,0),('궁동 아저씨','time20',NULL,NULL,NULL,NULL,NULL,NULL,NULL,NULL,NULL,NULL,0),('궁동 아저씨','time21',NULL,NULL,NULL,NULL,NULL,NULL,NULL,NULL,NULL,NULL,0),('궁동 아저씨','time22',NULL,NULL,NULL,NULL,NULL,NULL,NULL,NULL,NULL,NULL,0),('청춘우동까스','time11',NULL,NULL,NULL,NULL,NULL,NULL,NULL,NULL,NULL,NULL,0),('청춘우동까스','time12',NULL,NULL,NULL,NULL,NULL,NULL,NULL,NULL,NULL,NULL,0),('청춘우동까스','time13',NULL,NULL,NULL,NULL,NULL,NULL,NULL,NULL,NULL,NULL,0),('청춘우동까스','time14',NULL,NULL,NULL,NULL,NULL,NULL,NULL,NULL,NULL,NULL,0),('청춘우동까스','time15',NULL,NULL,NULL,NULL,NULL,NULL,NULL,NULL,NULL,NULL,0),('청춘우동까스','time16',NULL,NULL,NULL,NULL,NULL,NULL,NULL,NULL,NULL,NULL,0),('청춘우동까스','time17',NULL,NULL,NULL,NULL,NULL,NULL,NULL,NULL,NULL,NULL,0),('청춘우동까스','time18',NULL,NULL,NULL,NULL,NULL,NULL,NULL,NULL,NULL,NULL,0),('청춘우동까스','time19',NULL,NULL,NULL,NULL,NULL,NULL,NULL,NULL,NULL,NULL,0),('청춘우동까스','time20',NULL,NULL,NULL,NULL,NULL,NULL,NULL,NULL,NULL,NULL,0),('청춘우동까스','time21',NULL,NULL,NULL,NULL,NULL,NULL,NULL,NULL,NULL,NULL,0),('청춘우동까스','time22',NULL,NULL,NULL,NULL,NULL,NULL,NULL,NULL,NULL,NULL,0),('역전우동','time11',NULL,NULL,NULL,NULL,NULL,NULL,NULL,NULL,NULL,NULL,0),('역전우동','time12',NULL,NULL,NULL,NULL,NULL,NULL,NULL,NULL,NULL,NULL,0),('역전우동','time13',NULL,NULL,NULL,NULL,NULL,NULL,NULL,NULL,NULL,NULL,0),('역전우동','time14',NULL,NULL,NULL,NULL,NULL,NULL,NULL,NULL,NULL,NULL,0),('역전우동','time15',NULL,NULL,NULL,NULL,NULL,NULL,NULL,NULL,NULL,NULL,0),('역전우동','time16',NULL,NULL,NULL,NULL,NULL,NULL,NULL,NULL,NULL,NULL,0),('역전우동','time17',NULL,NULL,NULL,NULL,NULL,NULL,NULL,NULL,NULL,NULL,0),('역전우동','time18',NULL,NULL,NULL,NULL,NULL,NULL,NULL,NULL,NULL,NULL,0),('역전우동','time19',NULL,NULL,NULL,NULL,NULL,NULL,NULL,NULL,NULL,NULL,0),('역전우동','time20',NULL,NULL,NULL,NULL,NULL,NULL,NULL,NULL,NULL,NULL,0),('역전우동','time21',NULL,NULL,NULL,NULL,NULL,NULL,NULL,NULL,NULL,NULL,0),('역전우동','time22',NULL,NULL,NULL,NULL,NULL,NULL,NULL,NULL,NULL,NULL,0),('맛존매콤닭불고기','time11',NULL,NULL,NULL,NULL,NULL,NULL,NULL,NULL,NULL,NULL,0),('맛존매콤닭불고기','time12',NULL,NULL,NULL,NULL,NULL,NULL,NULL,NULL,NULL,NULL,0),('맛존매콤닭불고기','time13',NULL,NULL,NULL,NULL,NULL,NULL,NULL,NULL,NULL,NULL,0),('맛존매콤닭불고기','time14',NULL,NULL,NULL,NULL,NULL,NULL,NULL,NULL,NULL,NULL,0),('맛존매콤닭불고기','time15',NULL,NULL,NULL,NULL,NULL,NULL,NULL,NULL,NULL,NULL,0),('맛존매콤닭불고기','time16',NULL,NULL,NULL,NULL,NULL,NULL,NULL,NULL,NULL,NULL,0),('맛존매콤닭불고기','time17',NULL,NULL,NULL,NULL,NULL,NULL,NULL,NULL,NULL,NULL,0),('맛존매콤닭불고기','time18',NULL,NULL,NULL,NULL,NULL,NULL,NULL,NULL,NULL,NULL,0),('맛존매콤닭불고기','time19',NULL,NULL,NULL,NULL,NULL,NULL,NULL,NULL,NULL,NULL,0),('맛존매콤닭불고기','time20',NULL,NULL,NULL,NULL,NULL,NULL,NULL,NULL,NULL,NULL,0),('맛존매콤닭불고기','time21',NULL,NULL,NULL,NULL,NULL,NULL,NULL,NULL,NULL,NULL,0),('맛존매콤닭불고기','time22',NULL,NULL,NULL,NULL,NULL,NULL,NULL,NULL,NULL,NULL,0),('뎅뎅뎅','time11',NULL,NULL,NULL,NULL,NULL,NULL,NULL,NULL,NULL,NULL,0),('뎅뎅뎅','time12',NULL,NULL,NULL,NULL,NULL,NULL,NULL,NULL,NULL,NULL,0),('뎅뎅뎅','time13',NULL,NULL,NULL,NULL,NULL,NULL,NULL,NULL,NULL,NULL,0),('뎅뎅뎅','time14',NULL,NULL,NULL,NULL,NULL,NULL,NULL,NULL,NULL,NULL,0),('뎅뎅뎅','time15',NULL,NULL,NULL,NULL,NULL,NULL,NULL,NULL,NULL,NULL,0),('뎅뎅뎅','time16',NULL,NULL,NULL,NULL,NULL,NULL,NULL,NULL,NULL,NULL,0),('뎅뎅뎅','time17',NULL,NULL,NULL,NULL,NULL,NULL,NULL,NULL,NULL,NULL,0),('뎅뎅뎅','time18',NULL,NULL,NULL,NULL,NULL,NULL,NULL,NULL,NULL,NULL,0),('뎅뎅뎅','time19',NULL,NULL,NULL,NULL,NULL,NULL,NULL,NULL,NULL,NULL,0),('뎅뎅뎅','time20',NULL,NULL,NULL,NULL,NULL,NULL,NULL,NULL,NULL,NULL,0),('뎅뎅뎅','time21',NULL,NULL,NULL,NULL,NULL,NULL,NULL,NULL,NULL,NULL,0),('뎅뎅뎅','time22',NULL,NULL,NULL,NULL,NULL,NULL,NULL,NULL,NULL,NULL,0),('Ato','time11',NULL,NULL,NULL,NULL,NULL,NULL,NULL,NULL,NULL,NULL,0),('Ato','time12',NULL,NULL,NULL,NULL,NULL,NULL,NULL,NULL,NULL,NULL,0),('Ato','time13',NULL,NULL,NULL,NULL,NULL,NULL,NULL,NULL,NULL,NULL,0),('Ato','time14',NULL,NULL,NULL,NULL,NULL,NULL,NULL,NULL,NULL,NULL,0),('Ato','time15',NULL,NULL,NULL,NULL,NULL,NULL,NULL,NULL,NULL,NULL,0),('Ato','time16',NULL,NULL,NULL,NULL,NULL,NULL,NULL,NULL,NULL,NULL,0),('Ato','time17',NULL,NULL,NULL,NULL,NULL,NULL,NULL,NULL,NULL,NULL,0),('Ato','time18',NULL,NULL,NULL,NULL,NULL,NULL,NULL,NULL,NULL,NULL,0),('Ato','time19',NULL,NULL,NULL,NULL,NULL,NULL,NULL,NULL,NULL,NULL,0),('Ato','time20',NULL,NULL,NULL,NULL,NULL,NULL,NULL,NULL,NULL,NULL,0),('Ato','time21',NULL,NULL,NULL,NULL,NULL,NULL,NULL,NULL,NULL,NULL,0),('Ato','time22',NULL,NULL,NULL,NULL,NULL,NULL,NULL,NULL,NULL,NULL,0),('별리달리','time11',NULL,NULL,NULL,NULL,NULL,NULL,NULL,NULL,NULL,NULL,0),('별리달리','time12',NULL,NULL,NULL,NULL,NULL,NULL,NULL,NULL,NULL,NULL,0),('별리달리','time13',NULL,NULL,NULL,NULL,NULL,NULL,NULL,NULL,NULL,NULL,0),('별리달리','time14',NULL,NULL,NULL,NULL,NULL,NULL,NULL,NULL,NULL,NULL,0),('별리달리','time15',NULL,NULL,NULL,NULL,NULL,NULL,NULL,NULL,NULL,NULL,0),('별리달리','time16',NULL,NULL,NULL,NULL,NULL,NULL,NULL,NULL,NULL,NULL,0),('별리달리','time17',NULL,NULL,NULL,NULL,NULL,NULL,NULL,NULL,NULL,NULL,0),('별리달리','time18',NULL,NULL,NULL,NULL,NULL,NULL,NULL,NULL,NULL,NULL,0),('별리달리','time19',NULL,NULL,NULL,NULL,NULL,NULL,NULL,NULL,NULL,NULL,0),('별리달리','time20',NULL,NULL,NULL,NULL,NULL,NULL,NULL,NULL,NULL,NULL,0),('별리달리','time21',NULL,NULL,NULL,NULL,NULL,NULL,NULL,NULL,NULL,NULL,0),('별리달리','time22',NULL,NULL,NULL,NULL,NULL,NULL,NULL,NULL,NULL,NULL,0),('라꼬레','time11',NULL,NULL,NULL,NULL,NULL,NULL,NULL,NULL,NULL,NULL,0),('라꼬레','time12',NULL,NULL,NULL,NULL,NULL,NULL,NULL,NULL,NULL,NULL,0),('라꼬레','time13',NULL,NULL,NULL,NULL,NULL,NULL,NULL,NULL,NULL,NULL,0),('라꼬레','time14',NULL,NULL,NULL,NULL,NULL,NULL,NULL,NULL,NULL,NULL,0),('라꼬레','time15',NULL,NULL,NULL,NULL,NULL,NULL,NULL,NULL,NULL,NULL,0),('라꼬레','time16',NULL,NULL,NULL,NULL,NULL,NULL,NULL,NULL,NULL,NULL,0),('라꼬레','time17',NULL,NULL,NULL,NULL,NULL,NULL,NULL,NULL,NULL,NULL,0),('라꼬레','time18',NULL,NULL,NULL,NULL,NULL,NULL,NULL,NULL,NULL,NULL,0),('라꼬레','time19',NULL,NULL,NULL,NULL,NULL,NULL,NULL,NULL,NULL,NULL,0),('라꼬레','time20',NULL,NULL,NULL,NULL,NULL,NULL,NULL,NULL,NULL,NULL,0),('라꼬레','time21',NULL,NULL,NULL,NULL,NULL,NULL,NULL,NULL,NULL,NULL,0),('라꼬레','time22',NULL,NULL,NULL,NULL,NULL,NULL,NULL,NULL,NULL,NULL,0),('최진엽샤브샤브','time11',NULL,NULL,NULL,NULL,NULL,NULL,NULL,NULL,NULL,NULL,0),('최진엽샤브샤브','time12',NULL,NULL,NULL,NULL,NULL,'user1',NULL,NULL,NULL,NULL,1),('최진엽샤브샤브','time13',NULL,NULL,NULL,NULL,NULL,NULL,NULL,NULL,NULL,NULL,0),('최진엽샤브샤브','time14',NULL,NULL,NULL,NULL,NULL,NULL,NULL,NULL,NULL,NULL,0),('최진엽샤브샤브','time15',NULL,NULL,NULL,NULL,NULL,NULL,NULL,NULL,NULL,NULL,0),('최진엽샤브샤브','time16',NULL,NULL,NULL,NULL,NULL,NULL,NULL,NULL,NULL,NULL,0),('최진엽샤브샤브','time17',NULL,NULL,NULL,NULL,NULL,NULL,NULL,NULL,NULL,NULL,0),('최진엽샤브샤브','time18',NULL,NULL,NULL,NULL,NULL,NULL,NULL,NULL,NULL,NULL,0),('최진엽샤브샤브','time19',NULL,NULL,NULL,NULL,NULL,NULL,NULL,NULL,NULL,NULL,0),('최진엽샤브샤브','time20',NULL,NULL,NULL,NULL,NULL,NULL,NULL,NULL,NULL,NULL,0),('최진엽샤브샤브','time21',NULL,NULL,NULL,NULL,NULL,NULL,NULL,NULL,NULL,NULL,0),('최진엽샤브샤브','time22',NULL,NULL,NULL,NULL,NULL,NULL,NULL,NULL,NULL,NULL,0),('경성가','time11','user','user','user','user',NULL,NULL,NULL,NULL,NULL,NULL,4),('경성가','time12',NULL,NULL,NULL,NULL,NULL,NULL,NULL,NULL,NULL,NULL,0),('경성가','time13',NULL,NULL,NULL,NULL,NULL,NULL,NULL,NULL,NULL,NULL,0),('경성가','time14',NULL,NULL,NULL,NULL,NULL,NULL,NULL,NULL,NULL,NULL,0),('경성가','time15',NULL,NULL,NULL,NULL,NULL,NULL,NULL,NULL,NULL,NULL,0),('경성가','time16',NULL,NULL,NULL,NULL,NULL,NULL,NULL,NULL,NULL,NULL,0),('경성가','time17',NULL,NULL,NULL,NULL,NULL,NULL,NULL,NULL,NULL,NULL,0),('경성가','time18',NULL,NULL,NULL,NULL,NULL,NULL,NULL,NULL,NULL,NULL,0),('경성가','time19',NULL,NULL,NULL,NULL,NULL,NULL,NULL,NULL,NULL,NULL,0),('경성가','time20',NULL,NULL,NULL,NULL,NULL,NULL,NULL,NULL,NULL,NULL,0),('경성가','time21',NULL,NULL,NULL,NULL,NULL,NULL,NULL,NULL,NULL,NULL,0),('경성가','time22',NULL,NULL,NULL,NULL,NULL,NULL,NULL,NULL,NULL,NULL,0),('천복순대국밥','time11',NULL,NULL,NULL,NULL,NULL,NULL,NULL,NULL,NULL,NULL,0),('천복순대국밥','time12',NULL,NULL,NULL,NULL,NULL,NULL,NULL,NULL,NULL,NULL,0),('천복순대국밥','time13',NULL,NULL,NULL,NULL,NULL,NULL,NULL,NULL,NULL,NULL,0),('천복순대국밥','time14',NULL,NULL,NULL,NULL,NULL,NULL,NULL,NULL,NULL,NULL,0),('천복순대국밥','time15',NULL,NULL,NULL,NULL,NULL,NULL,NULL,NULL,NULL,NULL,0),('천복순대국밥','time16',NULL,NULL,NULL,NULL,NULL,NULL,NULL,NULL,NULL,NULL,0),('천복순대국밥','time17',NULL,NULL,NULL,NULL,NULL,NULL,NULL,NULL,NULL,NULL,0),('천복순대국밥','time18',NULL,NULL,NULL,NULL,NULL,NULL,NULL,NULL,NULL,NULL,0),('천복순대국밥','time19',NULL,NULL,NULL,NULL,NULL,NULL,NULL,NULL,NULL,NULL,0),('천복순대국밥','time20',NULL,NULL,NULL,NULL,NULL,NULL,NULL,NULL,NULL,NULL,0),('천복순대국밥','time21',NULL,NULL,NULL,NULL,NULL,NULL,NULL,NULL,NULL,NULL,0),('천복순대국밥','time22',NULL,NULL,NULL,NULL,NULL,NULL,NULL,NULL,NULL,NULL,0);
/*!40000 ALTER TABLE `table_res` ENABLE KEYS */;
UNLOCK TABLES;

--
-- Table structure for table `users`
--

DROP TABLE IF EXISTS `users`;
/*!40101 SET @saved_cs_client     = @@character_set_client */;
/*!50503 SET character_set_client = utf8mb4 */;
CREATE TABLE `users` (
  `id` varchar(20) NOT NULL,
  `password` varchar(30) DEFAULT NULL,
  `store` varchar(50) DEFAULT NULL,
  `res_time` varchar(50) DEFAULT NULL,
  PRIMARY KEY (`id`)
) ENGINE=InnoDB DEFAULT CHARSET=utf8mb4 COLLATE=utf8mb4_0900_ai_ci;
/*!40101 SET character_set_client = @saved_cs_client */;

--
-- Dumping data for table `users`
--

LOCK TABLES `users` WRITE;
/*!40000 ALTER TABLE `users` DISABLE KEYS */;
INSERT INTO `users` VALUES ('user','1234','경성가','11'),('user1','1234','정통집','15'),('user2','1234','궁동 아저씨','16'),('user3','1234','궁동 아저씨','11'),('user4','1234',NULL,NULL),('user5','1234',NULL,NULL),('user6','1234','정통집','11'),('김지원','1234','경성가','11'),('유저','1234','경성가','11'),('유저1','1234',NULL,NULL),('유저2','1234','경성가','11'),('유저3','1234','경성가','11'),('지원','1234','경성가','11');
/*!40000 ALTER TABLE `users` ENABLE KEYS */;
UNLOCK TABLES;
/*!40103 SET TIME_ZONE=@OLD_TIME_ZONE */;

/*!40101 SET SQL_MODE=@OLD_SQL_MODE */;
/*!40014 SET FOREIGN_KEY_CHECKS=@OLD_FOREIGN_KEY_CHECKS */;
/*!40014 SET UNIQUE_CHECKS=@OLD_UNIQUE_CHECKS */;
/*!40101 SET CHARACTER_SET_CLIENT=@OLD_CHARACTER_SET_CLIENT */;
/*!40101 SET CHARACTER_SET_RESULTS=@OLD_CHARACTER_SET_RESULTS */;
/*!40101 SET COLLATION_CONNECTION=@OLD_COLLATION_CONNECTION */;
/*!40111 SET SQL_NOTES=@OLD_SQL_NOTES */;

-- Dump completed on 2023-06-14 17:18:41
